{"properties": [
  {
    "name": "astra.db.region",
    "type": "java.lang.String",
    "description": "A description for 'astra.db.region'"
  },
  {
    "name": "astra.db.id",
    "type": "java.lang.String",
    "description": "A description for 'astra.db.id'"
  },
  {
    "name": "astra.db.keyspace",
    "type": "java.lang.String",
    "description": "A description for 'astra.db.keyspace'"
  },
  {
    "name": "astra.db.application.token",
    "type": "java.lang.String",
    "description": "A description for 'astra.db.application.token'"
  }
]}